triple_craft,a00872d2-18bf-4548-a0fb-93014671db29
illuminobody,89f3fd2f-e4a8-426f-ae2f-9692bb49d3c6
chaoticplayer,75e7f76a-e150-4fab-aa5d-ec75f91d839d
drbatmanwho,019c39a2-24ce-4563-b04b-c094c9bee042
guille34_yt,89f72065-075b-44ff-9334-6a5780239e95
shingoritokira,4a43978b-72eb-4b61-867e-6397737bc2ca
tumblegamer,554a961a-0908-428d-bf07-a1568d0d8547
kyeee,1fecb2d1-d55e-44ae-a156-4e95df538ed3
bootista,cf6c7ab3-3832-4ee6-955f-73d0ff7a34ee
spacemangreg81,af107eba-f1bb-48de-8a3d-6cc39534eabe
wolfyblox589,e88d2137-402d-4c7c-ab30-29c89d5b261f
koukouu,29bba46f-e9dc-43ed-be5a-73b919823983
triple_craft_2,010d5d32-7c00-418e-bdd0-6da29210f3e2
infareqt,865afe23-5b59-432e-9a8e-5b05c38e9ea9
iusevapegg,a78d94af-71c8-453d-b8fa-2a769d50db63
jacob50505,59d3f979-08fd-4ab6-a372-9101d7e10fba
flomich,ed06dfa1-9f6c-4789-93a7-1de5c698f0c4
itsjustdragon,8eb786aa-acd3-4f40-aed7-9ae32be91599
crystal4412,fef07361-3cb8-4403-a78f-fcd4b2ff1121
